"c0","e8"
"c0","e5"
"c0","e1"
"c0","e12"
"c0","e13"
"c0","e7"
"c0","e4"
"c0","e3"
"c0","e2"
"c0","e2"
"c0","e1"
"c0","e1"
"e1","c0"
"c0","e8"
"c0","e5"
"c0","e3"
"e1","c0"
"c0","e6"
"c0","e5"
"c0","e4"
"e1","c0"
"c0","e6"
"c0","e5"
"c0","e4"
"e1","c0"
"e2","c0"
"e2","c0"
"e3","c0"
"c0","e11"
"e3","c0"
"c0","e6"
"e4","c0"
"e4","c0"
"c0","e8"
"e4","c0"
"c0","e8"
"e5","c0"
"c0","e12"
"c0","e7"
"e5","c0"
"c0","e9"
"c0","e13"
"e5","c0"
"c0","e9"
"c0","e13"
"e5","c0"
"c0","e12"
"e6","c0"
"c0","e11"
"e6","c0"
"e6","c0"
"e7","c0"
"c0","e10"
"e7","c0"
"c0","e9"
"e8","c0"
"e8","c0"
"e8","c0"
"e8","c0"
"e13","c0"
"e13","c0"
"e13","c0"
"e12","c0"
"e12","c0"
"e12","c0"
"e11","c0"
"e11","c0"
"e9","c0"
"c0","e10"
"e9","c0"
"e9","c0"
"e10","c0"
"e10","c0"
